name	title	coding
t3_1p1v8xb	working as a front desk attendant at the gym	
t3_1p1t60d	PHIL 200 quiz 2?	
t3_1p1q5rv	Final exam stress	
t3_1p1oqak	ECON 420 Final Project	
t3_1p1j0kh	Exam Conflict Rules	
t3_1p1i384	Wifi	
t3_1p1fjsy	Dispatch Coffee Mystery	
t3_1p1e7wf	BIOL112 summer class?	
t3_1p1ccgf	Management for Non-Management Students Minor	
t3_1p1c4pd	Econ 308 paper	
t3_1p13djy	need an easy class for next semester	
t3_1p0zqtx	HIST 209 FINAL	
t3_1p0yy7s	semester abroad recs for econ majors + do ppl actually come back on jan 5 after winter break or will classes be empty? thanks	
t3_1p0von4	What master’s programs are open to people who want to switch fields and don’t have the related bachelor’s?	
t3_1p0v6yq	Asus event	
t3_1p0s57s	External Oral Exam at McGill	
t3_1p0pqkp	Urgent help regarding transfer credits	
t3_1p0pogq	How is the strike going?	
t3_1p0ogm6	ENGL229 today	
t3_1p0nx24	Econ 302 midterm grade	
t3_1p0l2up	security in mcconnell	
t3_1p0kcg1	Student strike.. what is the purpose?	
t3_1p0jxnk	MATH 235 Midterm	
t3_1p0jpf5	FRSL215 intensive - difficulty?	
t3_1p0j5pe	Who are the people that vote to strike and then attend class anyway??	
t3_1p0fot6	PSA for exam season coming up	
t3_1p0f97r	ecse 554 or comp 417	
t3_1p0dmus	office hours	
t3_1p0b2w3	Stats vs Comp Minor	
t3_1p05r5n	Math 262 cooked	
t3_1p011v7	Comp202	
t3_1p004n9	LEA132 Arcteryx jacket	
t3_1ozxxna	Grad Photos	
t3_1ozv3sd	Say hi to the shyest squirrel I've ever met	
t3_1ozs6s9	departmental student strikes	
t3_1ozrrtz	Science volunteering help	
t3_1oznuwf	TA positions for both campuses	
t3_1ozhfgh	Talking during lectures	
t3_1oz7m08	good news monday	
t3_1oz68k0	Med student/ or health sci student how do I get involved ?	
t3_1oz63nc	Exchange at McGill	
t3_1oz0p83	Colleges and universities are preparing to welcome fewer international students.	
t3_1oyw5yz	Transfer Student Experience	
t3_1oyuy4v	wifi down today?	
t3_1oytcvr	ENGL classes for winter...	
t3_1oyhsn8	future student - major minor concentration	
t3_1oyepqu	Fine Dining Enthusiast	
t3_1oy6fht	GEOG 308 Final Project	
t3_1oxpew8	International University Transfer 2nd year ADVICE, PLEASE HELP!!!	
t3_1oxivvh	Econ 440 group for policy brief #2?	
